"ArtistId","Name","Records"
1,AC/DC,347
2,Accept,347
3,Aerosmith,347
4,Alanis Morissette,347
5,Alice In Chains,347
6,Antônio Carlos Jobim,347
7,Apocalyptica,347
8,Audioslave,347
9,BackBeat,347
10,Billy Cobham,347
11,Black Label Society,347
12,Black Sabbath,347
13,Body Count,347
14,Bruce Dickinson,347
15,Buddy Guy,347
16,Caetano Veloso,347
17,Chico Buarque,347
18,Chico Science & Nação Zumbi,347
19,Cidade Negra,347
20,Cláudio Zoli,347
21,Various Artists,347
22,Led Zeppelin,347
23,Frank Zappa & Captain Beefheart,347
24,Marcos Valle,347
25,Milton Nascimento & Bebeto,347
26,Azymuth,347
27,Gilberto Gil,347
28,João Gilberto,347
29,Bebel Gilberto,347
30,Jorge Vercilo,347
31,Baby Consuelo,347
32,Ney Matogrosso,347
33,Luiz Melodia,347
34,Nando Reis,347
35,Pedro Luís & A Parede,347
36,O Rappa,347
37,Ed Motta,347
38,Banda Black Rio,347
39,Fernanda Porto,347
40,Os Cariocas,347
41,Elis Regina,347
42,Milton Nascimento,347
43,A Cor Do Som,347
44,Kid Abelha,347
45,Sandra De Sá,347
46,Jorge Ben,347
47,Hermeto Pascoal,347
48,Barão Vermelho,347
49,"Edson, DJ Marky & DJ Patife Featuring Fernanda Porto",347
50,Metallica,347
51,Queen,347
52,Kiss,347
53,Spyro Gyra,347
54,Green Day,347
55,David Coverdale,347
56,Gonzaguinha,347
57,Os Mutantes,347
58,Deep Purple,347
59,Santana,347
60,Santana Feat. Dave Matthews,347
61,Santana Feat. Everlast,347
62,Santana Feat. Rob Thomas,347
63,Santana Feat. Lauryn Hill & Cee-Lo,347
64,Santana Feat. The Project G&B,347
65,Santana Feat. Maná,347
66,Santana Feat. Eagle-Eye Cherry,347
67,Santana Feat. Eric Clapton,347
68,Miles Davis,347
69,Gene Krupa,347
70,Toquinho & Vinícius,347
71,Vinícius De Moraes & Baden Powell,347
72,Vinícius De Moraes,347
73,Vinícius E Qurteto Em Cy,347
74,Vinícius E Odette Lara,347
75,"Vinicius, Toquinho & Quarteto Em Cy",347
76,Creedence Clearwater Revival,347
77,Cássia Eller,347
78,Def Leppard,347
79,Dennis Chambers,347
80,Djavan,347
81,Eric Clapton,347
82,Faith No More,347
83,Falamansa,347
84,Foo Fighters,347
85,Frank Sinatra,347
86,Funk Como Le Gusta,347
87,Godsmack,347
88,Guns N' Roses,347
89,Incognito,347
90,Iron Maiden,347
91,James Brown,347
92,Jamiroquai,347
93,JET,347
94,Jimi Hendrix,347
95,Joe Satriani,347
96,Jota Quest,347
97,João Suplicy,347
98,Judas Priest,347
99,Legião Urbana,347
100,Lenny Kravitz,347
101,Lulu Santos,347
102,Marillion,347
103,Marisa Monte,347
104,Marvin Gaye,347
105,Men At Work,347
106,Motörhead,347
107,Motörhead & Girlschool,347
108,Mônica Marianno,347
109,Mötley Crüe,347
110,Nirvana,347
111,O Terço,347
112,Olodum,347
113,Os Paralamas Do Sucesso,347
114,Ozzy Osbourne,347
115,Page & Plant,347
116,Passengers,347
117,Paul D'Ianno,347
118,Pearl Jam,347
119,Peter Tosh,347
120,Pink Floyd,347
121,Planet Hemp,347
122,R.E.M. Feat. Kate Pearson,347
123,R.E.M. Feat. KRS-One,347
124,R.E.M.,347
125,Raimundos,347
126,Raul Seixas,347
127,Red Hot Chili Peppers,347
128,Rush,347
129,Simply Red,347
130,Skank,347
131,Smashing Pumpkins,347
132,Soundgarden,347
133,Stevie Ray Vaughan & Double Trouble,347
134,Stone Temple Pilots,347
135,System Of A Down,347
136,"Terry Bozzio, Tony Levin & Steve Stevens",347
137,The Black Crowes,347
138,The Clash,347
139,The Cult,347
140,The Doors,347
141,The Police,347
142,The Rolling Stones,347
143,The Tea Party,347
144,The Who,347
145,Tim Maia,347
146,Titãs,347
147,Battlestar Galactica,347
148,Heroes,347
149,Lost,347
150,U2,347
151,UB40,347
152,Van Halen,347
153,Velvet Revolver,347
154,Whitesnake,347
155,Zeca Pagodinho,347
156,The Office,347
157,Dread Zeppelin,347
158,Battlestar Galactica (Classic),347
159,Aquaman,347
160,Christina Aguilera featuring BigElf,347
161,Aerosmith & Sierra Leone's Refugee Allstars,347
162,Los Lonely Boys,347
163,Corinne Bailey Rae,347
164,Dhani Harrison & Jakob Dylan,347
165,Jackson Browne,347
166,Avril Lavigne,347
167,Big & Rich,347
168,Youssou N'Dour,347
169,Black Eyed Peas,347
170,Jack Johnson,347
171,Ben Harper,347
172,Snow Patrol,347
173,Matisyahu,347
174,The Postal Service,347
175,Jaguares,347
176,The Flaming Lips,347
177,Jack's Mannequin & Mick Fleetwood,347
178,Regina Spektor,347
179,Scorpions,347
180,House Of Pain,347
181,Xis,347
182,Nega Gizza,347
183,Gustavo & Andres Veiga & Salazar,347
184,Rodox,347
185,Charlie Brown Jr.,347
186,Pedro Luís E A Parede,347
187,Los Hermanos,347
188,Mundo Livre S/A,347
189,Otto,347
190,Instituto,347
191,Nação Zumbi,347
192,DJ Dolores & Orchestra Santa Massa,347
193,Seu Jorge,347
194,Sabotage E Instituto,347
195,Stereo Maracana,347
196,Cake,347
197,Aisha Duo,347
198,Habib Koité and Bamada,347
199,Karsh Kale,347
200,The Posies,347
201,Luciana Souza/Romero Lubambo,347
202,Aaron Goldberg,347
203,Nicolaus Esterhazy Sinfonia,347
204,Temple of the Dog,347
205,Chris Cornell,347
206,Alberto Turco & Nova Schola Gregoriana,347
207,"Richard Marlow & The Choir of Trinity College, Cambridge",347
208,English Concert & Trevor Pinnock,347
209,"Anne-Sophie Mutter, Herbert Von Karajan & Wiener Philharmoniker",347
210,"Hilary Hahn, Jeffrey Kahane, Los Angeles Chamber Orchestra & Margaret Batjer",347
211,Wilhelm Kempff,347
212,Yo-Yo Ma,347
213,Scholars Baroque Ensemble,347
214,Academy of St. Martin in the Fields & Sir Neville Marriner,347
215,Academy of St. Martin in the Fields Chamber Ensemble & Sir Neville Marriner,347
216,"Berliner Philharmoniker, Claudio Abbado & Sabine Meyer",347
217,Royal Philharmonic Orchestra & Sir Thomas Beecham,347
218,Orchestre Révolutionnaire et Romantique & John Eliot Gardiner,347
219,"Britten Sinfonia, Ivor Bolton & Lesley Garrett",347
220,"Chicago Symphony Chorus, Chicago Symphony Orchestra & Sir Georg Solti",347
221,Sir Georg Solti & Wiener Philharmoniker,347
222,"Academy of St. Martin in the Fields, John Birch, Sir Neville Marriner & Sylvia McNair",347
223,London Symphony Orchestra & Sir Charles Mackerras,347
224,Barry Wordsworth & BBC Concert Orchestra,347
225,"Herbert Von Karajan, Mirella Freni & Wiener Philharmoniker",347
226,Eugene Ormandy,347
227,Luciano Pavarotti,347
228,Leonard Bernstein & New York Philharmonic,347
229,Boston Symphony Orchestra & Seiji Ozawa,347
230,Aaron Copland & London Symphony Orchestra,347
231,Ton Koopman,347
232,Sergei Prokofiev & Yuri Temirkanov,347
233,Chicago Symphony Orchestra & Fritz Reiner,347
234,Orchestra of The Age of Enlightenment,347
235,"Emanuel Ax, Eugene Ormandy & Philadelphia Orchestra",347
236,James Levine,347
237,Berliner Philharmoniker & Hans Rosbaud,347
238,Maurizio Pollini,347
239,"Academy of St. Martin in the Fields, Sir Neville Marriner & William Bennett",347
240,Gustav Mahler,347
241,"Felix Schmidt, London Symphony Orchestra & Rafael Frühbeck de Burgos",347
242,Edo de Waart & San Francisco Symphony,347
243,Antal Doráti & London Symphony Orchestra,347
244,Choir Of Westminster Abbey & Simon Preston,347
245,Michael Tilson Thomas & San Francisco Symphony,347
246,"Chor der Wiener Staatsoper, Herbert Von Karajan & Wiener Philharmoniker",347
247,The King's Singers,347
248,Berliner Philharmoniker & Herbert Von Karajan,347
249,"Sir Georg Solti, Sumi Jo & Wiener Philharmoniker",347
250,Christopher O'Riley,347
251,Fretwork,347
252,Amy Winehouse,347
253,Calexico,347
254,Otto Klemperer & Philharmonia Orchestra,347
255,Yehudi Menuhin,347
256,Philharmonia Orchestra & Sir Neville Marriner,347
257,"Academy of St. Martin in the Fields, Sir Neville Marriner & Thurston Dart",347
258,Les Arts Florissants & William Christie,347
259,The 12 Cellists of The Berlin Philharmonic,347
260,Adrian Leaper & Doreen de Feis,347
261,"Roger Norrington, London Classical Players",347
262,Charles Dutoit & L'Orchestre Symphonique de Montréal,347
263,"Equale Brass Ensemble, John Eliot Gardiner & Munich Monteverdi Orchestra and Choir",347
264,Kent Nagano and Orchestre de l'Opéra de Lyon,347
265,Julian Bream,347
266,Martin Roscoe,347
267,Göteborgs Symfoniker & Neeme Järvi,347
268,Itzhak Perlman,347
269,Michele Campanella,347
270,Gerald Moore,347
271,"Mela Tenenbaum, Pro Musica Prague & Richard Kapp",347
272,Emerson String Quartet,347
273,"C. Monteverdi, Nigel Rogers - Chiaroscuro; London Baroque; London Cornett & Sackbu",347
274,Nash Ensemble,347
275,Philip Glass Ensemble,347
